URL,Record
https://www.abebooks.com/servlet/BookDetailsPL?bi=30036213063&searchurl=bi%3D0%26ds%3D30%26bx%3Doff%26sortby%3D1%26tn%3Dabbey%2527s%2Broad%26an%3Dedward%2BAbbey%26recentlyadded%3Dall&cm_sp=snippet-_-srp1-_-title6,0
https://www.abebooks.com/servlet/BookDetailsPL?bi=20227142&searchurl=bi%3D0%26ds%3D30%26sts%3Dt%26bx%3Doff%26sortby%3D1%26tn%3Dabbey%2527s%2Broad%26an%3Dedward%2BAbbey%26recentlyadded%3Dall,1
https://www.abebooks.com/servlet/BookDetailsPL?bi=7310404115&searchurl=bi%3D0%26ds%3D30%26bx%3Doff%26sortby%3D1%26tn%3Dabbey%2527s%2Broad%26an%3Dedward%2BAbbey%26recentlyadded%3Dall&cm_sp=snippet-_-srp1-_-title6,2
https://www.abebooks.com/servlet/BookDetailsPL?bi=12142684794&searchurl=bi%3D0%26ds%3D30%26bx%3Doff%26sortby%3D1%26tn%3Dabbey%2527s%2Broad%26an%3Dedward%2BAbbey%26recentlyadded%3Dall&cm_sp=snippet-_-srp1-_-title8,3
https://www.abebooks.com/servlet/BookDetailsPL?bi=8518429148&searchurl=bi%3D0%26ds%3D30%26bx%3Doff%26sortby%3D1%26tn%3Dabbey%2527s%2Broad%26an%3Dedward%2BAbbey%26recentlyadded%3Dall&cm_sp=snippet-_-srp1-_-title7,4
https://www.abebooks.com/servlet/BookDetailsPL?bi=1248543806&searchurl=bi%3D0%26ds%3D30%26bx%3Doff%26sortby%3D1%26tn%3Dbeyond%2Bthe%2Bwall%26an%3Dedward%2BAbbey%26recentlyadded%3Dall&cm_sp=snippet-_-srp1-_-title18,5
https://www.abebooks.com/servlet/BookDetailsPL?bi=30781153794&searchurl=bi%3D0%26ds%3D30%26bx%3Doff%26sortby%3D1%26tn%3Dbeyond%2Bthe%2Bwall%26an%3Dedward%2BAbbey%26recentlyadded%3Dall&cm_sp=snippet-_-srp1-_-title11,6
https://www.abebooks.com/servlet/BookDetailsPL?bi=14370778184&searchurl=bi%3D0%26ds%3D30%26bx%3Doff%26sortby%3D1%26tn%3Dbeyond%2Bthe%2Bwall%26an%3Dedward%2BAbbey%26recentlyadded%3Dall&cm_sp=snippet-_-srp1-_-title13,7
http://www.abebooks.com/servlet/BookDetailsPL?bi=11839674016&searchurl=bi%3D0%26ds%3D30%26sts%3Dt%26bx%3Doff%26sortby%3D1%26tn%3Dbeyond%2520the%2520wall%26an%3Dedward%2520Abbey%26recentlyadded%3Dall,8
https://www.abebooks.com/servlet/BookDetailsPL?bi=22783883406&searchurl=bi%3D0%26ds%3D30%26bx%3Doff%26sortby%3D1%26tn%3Dbeyond%2Bthe%2Bwall%26an%3Dedward%2BAbbey%26recentlyadded%3Dall&cm_sp=snippet-_-srp1-_-title13,9
https://www.abebooks.com/servlet/BookDetailsPL?bi=22128380805&searchurl=bi%3D0%26ds%3D30%26bx%3Doff%26sortby%3D1%26tn%3Dblack%2Bsun%26an%3Dedward%2BAbbey%26recentlyadded%3Dall,10
https://www.xxabebooks.com/servlet/BookDetailsPL?bi=30807603635&searchurl=bi%3D0%26ds%3D30%26bx%3Doff%26sortby%3D1%26tn%3Dblack%2Bsun%26an%3Dedward%2BAbbey%26recentlyadded%3Dall&cm_sp=snippet-_-srp1-_-title15,11
https://www.abebooks.com/servlet/BookDetailsPL?bi=30746196850&searchurl=bi%3D0%26ds%3D30%26bx%3Doff%26sortby%3D1%26tn%3Dblack%2Bsun%26an%3Dedward%2BAbbey%26recentlyadded%3Dall&cm_sp=snippet-_-srp1-_-title8,12
https://www.abebooks.com/servlet/BookDetailsPL?bi=13766451736&searchurl=bi%3D0%26ds%3D30%26bx%3Doff%26sortby%3D1%26tn%3Dblack%2Bsun%26an%3Dedward%2BAbbey%26recentlyadded%3Dall&cm_sp=snippet-_-srp1-_-title18,13
